INSERT INTO ROLES (ROLE_ID, ROLE_NAME) VALUES (1, 'SuperAdmin');
INSERT INTO ROLES (ROLE_ID, ROLE_NAME) VALUES (2, 'Admin');

INSERT INTO ADMINS (ADMIN_ID, ROLE_ID, ADMIN_EMAIL, PASSWORD_HASH) VALUES (1, 1, 'superadmin@vrs.com', -1716778828);
INSERT INTO ADMINS (ADMIN_ID, ROLE_ID, ADMIN_EMAIL, PASSWORD_HASH) VALUES (2, 2, 'admin1@vrs.com', -1422235966);
INSERT INTO ADMINS (ADMIN_ID, ROLE_ID, ADMIN_EMAIL, PASSWORD_HASH) VALUES (3, 2, 'admin2@vrs.com', -1422235965);

INSERT INTO SEX (SEX_ID, SEX) VALUES (1, 'male');
INSERT INTO SEX (SEX_ID, SEX) VALUES (2, 'female');
INSERT INTO SEX (SEX_ID, SEX) VALUES (3, 'undefined');

INSERT INTO CUSTOMERS (CUSTOMER_ID, LAST_NAME, FIRST_NAME, MIDLE_NAME, CUSTOMER_EMAIL, CUSTOMER_PHONE, SEX_ID, CUSTOMER_PHOTO, BONUS) 
	VALUES (1, 'Дуров', 'Павел', 'Валерьевич', 'durov@somemail.com', '+10000000001', 1, '1.jpg', 0.0);
INSERT INTO CUSTOMERS (CUSTOMER_ID, LAST_NAME, FIRST_NAME, MIDLE_NAME, CUSTOMER_EMAIL, CUSTOMER_PHONE, SEX_ID, CUSTOMER_PHOTO, BONUS) 
	VALUES (2, 'Медведев', 'Дмитрий', 'Анатольевич', 'medvedev@somemail.com', '+10000000002', 1, '2.jpg', 0.0);
INSERT INTO CUSTOMERS (CUSTOMER_ID, LAST_NAME, FIRST_NAME, MIDLE_NAME, CUSTOMER_EMAIL, CUSTOMER_PHONE, SEX_ID, CUSTOMER_PHOTO, BONUS) 
	VALUES (3, 'Кожевникова', 'Мария', 'Александровна', 'kozhevnikova@somemail.com', '+10000000003', 2, '3.jpg', 0.0);
INSERT INTO CUSTOMERS (CUSTOMER_ID, LAST_NAME, FIRST_NAME, MIDLE_NAME, CUSTOMER_EMAIL, CUSTOMER_PHONE, SEX_ID, CUSTOMER_PHOTO, BONUS) 
	VALUES (4, 'Трофимова', 'Екатерина', 'Владимировна', 'trofimova@somemail.com', '+10000000004', 2, '4.jpg', 0.0);
INSERT INTO CUSTOMERS (CUSTOMER_ID, LAST_NAME, FIRST_NAME, MIDLE_NAME, CUSTOMER_EMAIL, CUSTOMER_PHONE, SEX_ID, CUSTOMER_PHOTO, BONUS) 
	VALUES (5, 'Задорнов', 'Михаил', 'Николаевич', 'zadornov@somemail.com', '+10000000005', 1, '5.jpg', 0.0);
	
INSERT INTO CATEGORIES (CATEGORY_ID, CATEGORY_NAME) VALUES (1, 'аниме');
INSERT INTO CATEGORIES (CATEGORY_ID, CATEGORY_NAME) VALUES (2, 'биография');
INSERT INTO CATEGORIES (CATEGORY_ID, CATEGORY_NAME) VALUES (3, 'боевик');
INSERT INTO CATEGORIES (CATEGORY_ID, CATEGORY_NAME) VALUES (4, 'вестерн');
INSERT INTO CATEGORIES (CATEGORY_ID, CATEGORY_NAME) VALUES (5, 'военный');
INSERT INTO CATEGORIES (CATEGORY_ID, CATEGORY_NAME) VALUES (6, 'детектив');
INSERT INTO CATEGORIES (CATEGORY_ID, CATEGORY_NAME) VALUES (7, 'детский');
INSERT INTO CATEGORIES (CATEGORY_ID, CATEGORY_NAME) VALUES (8, 'для взрослых');
INSERT INTO CATEGORIES (CATEGORY_ID, CATEGORY_NAME) VALUES (9, 'документальный');
INSERT INTO CATEGORIES (CATEGORY_ID, CATEGORY_NAME) VALUES (10, 'драма');
INSERT INTO CATEGORIES (CATEGORY_ID, CATEGORY_NAME) VALUES (11, 'игра');
INSERT INTO CATEGORIES (CATEGORY_ID, CATEGORY_NAME) VALUES (12, 'история');
INSERT INTO CATEGORIES (CATEGORY_ID, CATEGORY_NAME) VALUES (13, 'комедия');
INSERT INTO CATEGORIES (CATEGORY_ID, CATEGORY_NAME) VALUES (14, 'концерт');
INSERT INTO CATEGORIES (CATEGORY_ID, CATEGORY_NAME) VALUES (15, 'короткометражка');

INSERT INTO FILMS (ID, TITLE, YEAR, DESCRIPTION, COVER, AMOUNT, GENERAL_PRICE, RENT_PRICE, BONUS_FOR_RENT)
	VALUES(DEFAULT, 'Список Шиндлера', 1993, 'Лента рассказывает историю Оскара Шиндлера, члена нацистской партии, преуспевающего фабриканта, спасшего во время Второй мировой войны более тысячи ста евреев.',
	'1.jpg', 3, 20000, 500, 100); /* Schindler`s List */
INSERT INTO FILMS (ID, TITLE, YEAR, DESCRIPTION, COVER, AMOUNT, GENERAL_PRICE, RENT_PRICE, BONUS_FOR_RENT)
	VALUES(DEFAULT, 'Побег из Шоушенка', 1994, 'Банкир Энди Дюфрейн обвинен в убийстве жены и ее любовника. Оказавшись в тюрьме Шоушенк, он сталкивается беззаконием, царящим по обе стороны решетки.',
	'2.jpg', 10, 30000, 750, 50);  /* The Shawshank Redemption */
INSERT INTO FILMS (ID, TITLE, YEAR, DESCRIPTION, COVER, AMOUNT, GENERAL_PRICE, RENT_PRICE, BONUS_FOR_RENT)
	VALUES(DEFAULT, 'Зеленая миля', 1999, 'Обвиненный в страшном преступлении, Джон Коффи оказывается в блоке смертников тюрьмы «Холодная гора».',
	'3.jpg', 1, 50000, 2000, 200); /* The Green Mile */
INSERT INTO FILMS (ID, TITLE, YEAR, DESCRIPTION, COVER, AMOUNT, GENERAL_PRICE, RENT_PRICE, BONUS_FOR_RENT)
	VALUES(DEFAULT, 'Форрест Гамп', 1994, 'От лица главного героя Форреста Гампа, слабоумного безобидного человека с благородным и открытым сердцем, рассказывается история его необыкновенной жизни.',
	'4.jpg', 6, 16000, 400, 0); /* Forrest Gump */
INSERT INTO FILMS (ID, TITLE, YEAR, DESCRIPTION, COVER, AMOUNT, GENERAL_PRICE, RENT_PRICE, BONUS_FOR_RENT)
	VALUES(DEFAULT, '1+1', 2011, 'Пострадав в результате несчастного случая, богатый аристократ Филипп нанимает в помощники жителя предместья Дрисса, только что освободившегося из тюрьмы.',
	'5.jpg', 12, 32000, 1000, 100); /* Intouchables */
INSERT INTO FILMS (ID, TITLE, YEAR, DESCRIPTION, COVER, AMOUNT, GENERAL_PRICE, RENT_PRICE, BONUS_FOR_RENT)
	VALUES(DEFAULT, 'Игры разума', 2001, 'От всемирной известности до греховных глубин — все это познал на своей шкуре Джон Форбс Нэш-младший.',
	'6.jpg', 14, 20000, 200, 0);  /* A Beautiful Mind */
INSERT INTO FILMS (ID, TITLE, YEAR, DESCRIPTION, COVER, AMOUNT, GENERAL_PRICE, RENT_PRICE, BONUS_FOR_RENT)
	VALUES(DEFAULT, 'Король Лев', 1994, 'У величественного Короля-Льва Муфасы рождается наследник по имени Симба. В детстве малыш становится жертвой интриг своего дяди Шрама, мечтающего о власти.',
	'7.jpg', 8, 10000, 100, 0);  /* The Lion King */
INSERT INTO FILMS (ID, TITLE, YEAR, DESCRIPTION, COVER, AMOUNT, GENERAL_PRICE, RENT_PRICE, BONUS_FOR_RENT)
	VALUES(DEFAULT, 'Леон', 1994, 'Профессиональный убийца Леон, знакомится со своей очаровательной соседкой Матильдой, семью которой расстреливают полицейские, замешанные в торговле наркотиками.',
	'8.jpg', 3, 32000, 550, 0); /* Leon */
INSERT INTO FILMS (ID, TITLE, YEAR, DESCRIPTION, COVER, AMOUNT, GENERAL_PRICE, RENT_PRICE, BONUS_FOR_RENT)
	VALUES(DEFAULT, 'Начало', 2010, 'Способности Кобба сделали его ценным игроком в мире промышленного шпионажа, они же превратили его в извечного беглеца и лишили всего, что он когда-либо любил.',
	'9.jpg', 7, 42000, 650, 100); 
INSERT INTO FILMS (ID, TITLE, YEAR, DESCRIPTION, COVER, AMOUNT, GENERAL_PRICE, RENT_PRICE, BONUS_FOR_RENT)
	VALUES(DEFAULT, 'Бойцовский клуб', 1999, 'Терзаемый хронической бессонницей и отчаянно пытающийся вырваться из скучной жизни, клерк встречает Тайлера Дардена, торговца мылом с извращенной философией.',
	'10.jpg', 4, 37000, 350, 150); /* Fight Club */
INSERT INTO FILMS (ID, TITLE, YEAR, DESCRIPTION, COVER, AMOUNT, GENERAL_PRICE, RENT_PRICE, BONUS_FOR_RENT)
	VALUES(DEFAULT, 'Жизнь прекрасна', 1997, 'Во время II Мировой войны в Италии в концлагерь были отправлены евреи, отец и его маленький сын.',
	'11.jpg', 2, 19000, 200, 50); /* La Vita e bella */
INSERT INTO FILMS (ID, TITLE, YEAR, DESCRIPTION, COVER, AMOUNT, GENERAL_PRICE, RENT_PRICE, BONUS_FOR_RENT)
	VALUES(DEFAULT, 'Иван Васильевич меняет профессию', 1973, 'Инженер-изобретатель Тимофеев сконструировал машину времени, которая соединила его квартиру с палатами государя Ивана Грозного.',
	'12.jpg', 1, 50000, 1000, 300); /* Ivan Vasilievich changing profession */
INSERT INTO FILMS (ID, TITLE, YEAR, DESCRIPTION, COVER, AMOUNT, GENERAL_PRICE, RENT_PRICE, BONUS_FOR_RENT)
	VALUES(DEFAULT, 'Достучаться до небес', 1997, 'Судьба сводит героев картины в больнице, где врачи выносят им смертный приговор. Счет времени их жизней идет на часы.',
	'13.jpg', 21, 24000, 300, 0); /* Knockin on Heaven`s Door */
INSERT INTO FILMS (ID, TITLE, YEAR, DESCRIPTION, COVER, AMOUNT, GENERAL_PRICE, RENT_PRICE, BONUS_FOR_RENT)
	VALUES(DEFAULT, 'Крестный отец', 1972, 'Криминальная сага, повествующая о нью-йоркской сицилийской мафиозной семье Корлеоне. Фильм охватывает период 1945-1955 годов.',
	'14.jpg', 21, 24000, 300, 0); /* The Godfather */
INSERT INTO FILMS (ID, TITLE, YEAR, DESCRIPTION, COVER, AMOUNT, GENERAL_PRICE, RENT_PRICE, BONUS_FOR_RENT)
	VALUES(DEFAULT, 'Престиж', 2006, 'Роберт и Альфред — фокусники-иллюзионисты, которые на рубеже XIX и XX веков соперничали друг с другом в Лондоне.',
	'15.jpg', 13, 14000, 200, 0);  /* The Prestige */
INSERT INTO FILMS (ID, TITLE, YEAR, DESCRIPTION, COVER, AMOUNT, GENERAL_PRICE, RENT_PRICE, BONUS_FOR_RENT)
	VALUES(DEFAULT, 'Карты, деньги, два ствола', 1998, 'Четверо парней накопили по 25 тысяч фунтов, чтобы один из них мог сыграть в карты с опытным шулером и матерым преступником, известным по кличке Гарри-Топор.',
	'16.jpg', 10, 26500, 270, 170); /* Lock, Stock and Two Smoking Barrels */
INSERT INTO FILMS (ID, TITLE, YEAR, DESCRIPTION, COVER, AMOUNT, GENERAL_PRICE, RENT_PRICE, BONUS_FOR_RENT)
	VALUES(DEFAULT, 'Криминальное чтиво', 1994, 'Винсент Вега и Джулс Винфилд проводят время в философских беседах в перерыве между разборками своего криминального босса Марселласа Уоллеса.',
	'17.jpg', 4, 28000, 300, 0);  /* Pulp Fiction */
INSERT INTO FILMS (ID, TITLE, YEAR, DESCRIPTION, COVER, AMOUNT, GENERAL_PRICE, RENT_PRICE, BONUS_FOR_RENT)
	VALUES(DEFAULT, 'Операция «Ы» и другие приключения Шурика', 1965, 'Фильм состоит из трех новелл, объединенных фигурой главного героя Шурика, попадающего в самые невероятные ситуации.',
	'18.jpg', 7, 38000, 350, 50); /* Operation «Y» and other adventures Shurika */
INSERT INTO FILMS (ID, TITLE, YEAR, DESCRIPTION, COVER, AMOUNT, GENERAL_PRICE, RENT_PRICE, BONUS_FOR_RENT)
	VALUES(DEFAULT, 'Властелин колец: Возвращение Короля', 2009, 'Последняя часть трилогии о Кольце Всевластия и о героях, взявших на себя бремя спасения Средиземья.',
	'19.jpg', 10, 19000, 200, 50); /* The Lord of the Rings: The Return of the King */
INSERT INTO FILMS (ID, TITLE, YEAR, DESCRIPTION, COVER, AMOUNT, GENERAL_PRICE, RENT_PRICE, BONUS_FOR_RENT)
	VALUES(DEFAULT, 'Гладиатор', 2000, 'В великой Римской империи не было военачальника, равного генералу Максимусу. ',
	'20.jpg', 2, 45000, 800, 150); /* Gladiator */

UPDATE FILMS SET TITLE='Список Шиндлера', DESCRIPTION= 'Лента рассказывает историю Оскара Шиндлера, члена нацистской партии, преуспевающего фабриканта, спасшего во время Второй мировой войны более тысячи ста евреев.'  WHERE ID=1;

UPDATE FILMS SET TITLE='Побег из Шоушенка', DESCRIPTION='Банкир Энди Дюфрейн обвинен в убийстве жены и ее любовника. Оказавшись в тюрьме Шоушенк, он сталкивается беззаконием, царящим по обе стороны решетки'  WHERE ID=2;


UPDATE FILMS SET TITLE='Зеленая миля', DESCRIPTION='Обвиненный в страшном преступлении, Джон Коффи оказывается в блоке смертников тюрьмы «Холодная гора».'  WHERE ID=3;

UPDATE FILMS SET TITLE='Форрест Гамп', DESCRIPTION= 'От лица главного героя Форреста Гампа, слабоумного безобидного человека с благородным и открытым сердцем, рассказывается история его необыкновенной жизни.'  WHERE ID=4;

UPDATE FILMS SET TITLE='1+1', DESCRIPTION='Пострадав в результате несчастного случая, богатый аристократ Филипп нанимает в помощники жителя предместья Дрисса, только что освободившегося из тюрьмы.'  WHERE ID=5;

UPDATE FILMS SET TITLE='Игры разума', DESCRIPTION= 'От всемирной известности до греховных глубин — все это познал на своей шкуре Джон Форбс Нэш-младший.', COVER = '6.jpg' WHERE ID=6;

UPDATE FILMS SET TITLE='Леон', DESCRIPTION= 'Профессиональный убийца Леон, знакомится со своей очаровательной соседкой Матильдой, семью которой расстреливают полицейские, замешанные в торговле наркотиками.'  WHERE ID=8;

UPDATE FILMS SET TITLE='Иван Васильевич меняет профессию ', DESCRIPTION= 'Инженер-изобретатель Тимофеев сконструировал машину времени, которая соединила его квартиру с палатами государя Ивана Грозного.'  WHERE ID=12;

UPDATE FILMS SET TITLE='Бойцовский клуб', DESCRIPTION= 'Терзаемый хронической бессонницей и отчаянно пытающийся вырваться из скучной жизни, клерк встречает Тайлера Дардена, торговца мылом с извращенной философией.', COVER = '10.jpg' WHERE ID=10;

UPDATE FILMS SET TITLE='Крестный отец', DESCRIPTION= 'Криминальная сага, повествующая о нью-йоркской сицилийской мафиозной семье Корлеоне. Фильм охватывает период 1945-1955 годов.', COVER = '14.jpg' WHERE ID=14;


UPDATE FILMS SET TITLE='Король Лев', DESCRIPTION= ' величественного Короля-Льва Муфасы рождается наследник по имени Симба. В детстве малыш становится жертвой интриг своего дяди Шрама, мечтающего о власти.', COVER = '7.jpg' WHERE ID=7;


UPDATE FILMS SET TITLE='Начало', DESCRIPTION= 'Способности Кобба сделали его ценным игроком в мире промышленного шпионажа, они же превратили его в извечного беглеца и лишили всего, что он когда-либо любил.', COVER = '9.jpg' WHERE ID=9;


UPDATE FILMS SET TITLE='Достучаться до небес', DESCRIPTION= 'Судьба сводит героев картины в больнице, где врачи выносят им смертный приговор. Счет времени их жизней идет на часы.', COVER = '13.jpg' WHERE ID=13;


UPDATE FILMS SET TITLE='Престиж', DESCRIPTION= 'Роберт и Альфред — фокусники-иллюзионисты, которые на рубеже XIX и XX веков соперничали друг с другом в Лондоне.', COVER = '15.jpg' WHERE ID=15;


UPDATE FILMS SET TITLE='Криминальное чтиво', DESCRIPTION= 'Винсент Вега и Джулс Винфилд проводят время в философских беседах в перерыве между разборками своего криминального босса Марселласа Уоллеса.', COVER = '17.jpg' WHERE ID=17;


UPDATE FILMS SET  COVER = '1.jpg' WHERE ID=1;
UPDATE FILMS SET  COVER = '2.jpg' WHERE ID=2;
UPDATE FILMS SET  COVER = '3.jpg' WHERE ID=3;
UPDATE FILMS SET  COVER = '4.jpg' WHERE ID=4;
UPDATE FILMS SET  COVER = '5.jpg' WHERE ID=5;
UPDATE FILMS SET  COVER = '8.jpg' WHERE ID=8;
UPDATE FILMS SET  COVER = '11.jpg' WHERE ID=11;
UPDATE FILMS SET  COVER = '12.jpg' WHERE ID=12;
UPDATE FILMS SET  COVER = '16.jpg' WHERE ID=16;
UPDATE FILMS SET  COVER = '18.jpg' WHERE ID=18;
UPDATE FILMS SET  COVER = '19.jpg' WHERE ID=19;
UPDATE FILMS SET  COVER = '20.jpg' WHERE ID=20;



INSERT INTO FILM_CATEGORIES (CATEGORY_ID, ID) VALUES (2, 1);
INSERT INTO FILM_CATEGORIES (CATEGORY_ID, ID) VALUES (10, 2);
INSERT INTO FILM_CATEGORIES (CATEGORY_ID, ID) VALUES (10, 3);
INSERT INTO FILM_CATEGORIES (CATEGORY_ID, ID) VALUES (10, 4);
INSERT INTO FILM_CATEGORIES (CATEGORY_ID, ID) VALUES (13, 5);
INSERT INTO FILM_CATEGORIES (CATEGORY_ID, ID) VALUES (2, 6);
INSERT INTO FILM_CATEGORIES (CATEGORY_ID, ID) VALUES (7, 7);
INSERT INTO FILM_CATEGORIES (CATEGORY_ID, ID) VALUES (3, 8);
INSERT INTO FILM_CATEGORIES (CATEGORY_ID, ID) VALUES (6, 9);
INSERT INTO FILM_CATEGORIES (CATEGORY_ID, ID) VALUES (3, 10);
INSERT INTO FILM_CATEGORIES (CATEGORY_ID, ID) VALUES (12, 11);
INSERT INTO FILM_CATEGORIES (CATEGORY_ID, ID) VALUES (13, 12);
INSERT INTO FILM_CATEGORIES (CATEGORY_ID, ID) VALUES (10, 13);
INSERT INTO FILM_CATEGORIES (CATEGORY_ID, ID) VALUES (12, 14);
INSERT INTO FILM_CATEGORIES (CATEGORY_ID, ID) VALUES (8, 15);
INSERT INTO FILM_CATEGORIES (CATEGORY_ID, ID) VALUES (3, 16);
INSERT INTO FILM_CATEGORIES (CATEGORY_ID, ID) VALUES (3, 17);
INSERT INTO FILM_CATEGORIES (CATEGORY_ID, ID) VALUES (13, 18);
INSERT INTO FILM_CATEGORIES (CATEGORY_ID, ID) VALUES (12, 19);
INSERT INTO FILM_CATEGORIES (CATEGORY_ID, ID) VALUES (4, 20);

UPDATE CATEGORIES SET CATEGORY_NAME='anime' WHERE CATEGORY_ID=1;
UPDATE CATEGORIES SET CATEGORY_NAME='biography' WHERE CATEGORY_ID=2;
UPDATE CATEGORIES SET CATEGORY_NAME='action' WHERE CATEGORY_ID=3;
UPDATE CATEGORIES SET CATEGORY_NAME='western' WHERE CATEGORY_ID=4;
UPDATE CATEGORIES SET CATEGORY_NAME='military' WHERE CATEGORY_ID=5;
UPDATE CATEGORIES SET CATEGORY_NAME='detective' WHERE CATEGORY_ID=6;
UPDATE CATEGORIES SET CATEGORY_NAME='children' WHERE CATEGORY_ID=7;
UPDATE CATEGORIES SET CATEGORY_NAME='adult' WHERE CATEGORY_ID=8;
UPDATE CATEGORIES SET CATEGORY_NAME='documentary' WHERE CATEGORY_ID=9;
UPDATE CATEGORIES SET CATEGORY_NAME='drama' WHERE CATEGORY_ID=10;
UPDATE CATEGORIES SET CATEGORY_NAME='game' WHERE CATEGORY_ID=11;
UPDATE CATEGORIES SET CATEGORY_NAME='story' WHERE CATEGORY_ID=12;
UPDATE CATEGORIES SET CATEGORY_NAME='comedy' WHERE CATEGORY_ID=13;
UPDATE CATEGORIES SET CATEGORY_NAME='concert' WHERE CATEGORY_ID=14;
UPDATE CATEGORIES SET CATEGORY_NAME='short' WHERE CATEGORY_ID=15;

Select films.ID ,TITLE, YEAR, DESCRIPTION, COVER, AMOUNT, GENERAL_PRICE, RENT_PRICE, BONUS_FOR_RENT, coalesce(rented.rentedCopies, 0) as rentedCp from films LEFT OUTER JOIN (SELECT film_id, sum(count) as rentedCopies FROM FILM_AT_RENT WHERE ACCEPTED_DATE IS NULL group by film_id) rented on rented.film_id = films.film_id;

Select films.ID ,TITLE, YEAR, DESCRIPTION, COVER, AMOUNT, GENERAL_PRICE, RENT_PRICE, BONUS_FOR_RENT, coalesce(rented.rentedCopies, 0) as rentedCp from films LEFT OUTER JOIN (SELECT film_id, sum(count) as rentedCopies FROM FILM_AT_RENT WHERE ACCEPTED_DATE IS NULL group by film_id) rented on rented.film_id = films.film_id WHERE FILMS.ID = 2;

 INSERT INTO CUSTOMERS (CUSTOMER_ID, LAST_NAME, FIRST_NAME, MIDLE_NAME, CUSTOMER_EMAIL, CUSTOMER_PHONE, SEX_ID, CUSTOMER_PHOTO, BONUS)
VALUES (DEFAULT, 'Пупкин', 'Василий', 'Васильевич', 'pupkin@somemail.com', '+10000000006', 1, '4.jpg', 2000);
INSERT INTO CUSTOMERS (CUSTOMER_ID, LAST_NAME, FIRST_NAME, MIDLE_NAME, CUSTOMER_EMAIL, CUSTOMER_PHONE, SEX_ID, CUSTOMER_PHOTO, BONUS)
VALUES (DEFAULT, 'Иванов', 'Иван', 'Иванович', 'ivanov@somemail.com', '+10000000007', 1, '5.jpg', 1500);
INSERT INTO CUSTOMERS (CUSTOMER_ID, LAST_NAME, FIRST_NAME, MIDLE_NAME, CUSTOMER_EMAIL, CUSTOMER_PHONE, SEX_ID, CUSTOMER_PHOTO, BONUS)
VALUES (DEFAULT, 'Петров', 'Петр', 'Петрович', 'pterov@somemail.com', '+10000000008', 1, '6.jpg', 100);
INSERT INTO CUSTOMERS (CUSTOMER_ID, LAST_NAME, FIRST_NAME, MIDLE_NAME, CUSTOMER_EMAIL, CUSTOMER_PHONE, SEX_ID, CUSTOMER_PHOTO, BONUS)
VALUES (DEFAULT, 'Васильева', 'Дарья', 'Викторовна', 'vasilieva@somemail.com', '+10000000009', 1, '7.jpg', 900);
INSERT INTO CUSTOMERS (CUSTOMER_ID, LAST_NAME, FIRST_NAME, MIDLE_NAME, CUSTOMER_EMAIL, CUSTOMER_PHONE, SEX_ID, CUSTOMER_PHOTO, BONUS)
VALUES (DEFAULT, 'Мухина', 'Надежда', 'Павловна', 'muhina@somemail.com', '+10000000010', 1, '8.jpg', 4800);
INSERT INTO CUSTOMERS (CUSTOMER_ID, LAST_NAME, FIRST_NAME, MIDLE_NAME, CUSTOMER_EMAIL, CUSTOMER_PHONE, SEX_ID, CUSTOMER_PHOTO, BONUS)
VALUES (DEFAULT, 'Кроткая', 'Виктория', 'Дмитриевна', 'krotkaya@somemail.com', '+10000000011', 1, '9.jpg', 7800);